Tweet_count,Username,Text,Created At,Retweets,Likes
1,SinL√≠nea.Mx,"La #Reforma va a sanear el #PoderJudicial, bueno, ¬°el Poder Familiar de la Federaci√≥n!

Tambi√©n el tribunal de disciplina judicial va a contribuir porque ser√° tambi√©n integrada por elecci√≥n del pueblo. La Corte era juez y parte, entonces, el Tribunal de Justicia realmente no https://t.co/q4j3zGBweC",Fri Nov 15 15:33:10 +0000 2024,788,1546
2,Claudia Sheinbaum Pardo,La Reforma al Poder Judicial ha sido aprobada. Es bueno para nuestro pa√≠s. Hablamos de un verdadero poder independiente y aut√≥nomo electo por el pueblo. Esto dice la Constituci√≥n Pol√≠tica de los Estados Unidos Mexicanos para las Reformas de la Constituci√≥n. https://t.co/0AkGv6jzpl,Thu Sep 12 19:18:57 +0000 2024,3996,11873
3,Ricardo Rubio,"En contraste a los aut√≥cratas que nos gobiernan, para nosotros la ley debe cumplirse y el poder judicial debe ser independiente. 

Propuse una inicitiva de ley para cumplimentar el mandato constitucional de crear el Tribunal Constitucional de la Ciudad de M√©xico, para que https://t.co/fvdJpLsnP8",Thu Dec 05 20:24:55 +0000 2024,0,1
4,El Universal,"‚ñ∂Ô∏è ‚ÄúQue ning√∫n presidente de M√©xico est√© por encima de la ley‚Äù, se√±alan las y los trabajadores del Poder Judicial en uno de sus carteles. 

üìπ #VIDEO: @Yalina_R | EL UNIVERSAL https://t.co/GCrMbZSjVG",Sun Oct 20 17:17:04 +0000 2024,1296,3420
5,MKZ,"El poder judicial: Juez y parte, ¬øla ley o el atrevimiento?

El poder judicial en M√©xico ha alcanzado un punto ins√≥lito. La jueza Nancy Ju√°rez Salas, con una audacia que desaf√≠a las normas establecidas, ha ordenado a la presidenta Claudia Sheinbaum que elimine del Diario Oficial https://t.co/JVDfMXqFbv",Tue Oct 22 15:34:39 +0000 2024,128,185
6,La Carpeta P√∫rpura,"Claudia no entendi√≥...

Muchos no quer√≠an hablar de su fraude electoral con el que lleg√≥ a la Presidencia de forma ileg√≠tima... pero al querer destruir el Poder Judicial, eso puso en alerta a TODO M√©xico y al mundo... y ahora adem√°s desacata la ley... ¬°Va bien, se est√° dando un https://t.co/VqP3DJWP2s",Sat Oct 19 17:34:54 +0000 2024,2333,3714
7,Poder Judicial de la Ciudad de M√©xico,"‚úÖCalendario en Turno de Juzgados Civiles y Familiares de proceso escrito para el cumplimiento de las disposiciones contenidas en la ley general y de la CDMX de acceso a las mujeres a una vida libre de violencia. 

Rev√≠salo completo en: https://t.co/fqm4nRVYDM https://t.co/BlXtcVa65u",Fri Nov 29 21:17:09 +0000 2024,2,2
8,Jos√© Mario,"üö® Nueva iniciativa judicial: ¬øjuzgar a jueces? üö® El Tribunal de Disciplina Judicial (TDJ), propuesto en la nueva Ley Org√°nica del Poder Judicial Federal, podr√≠a sancionar a jueces y magistrados por el contenido de sus sentencias. Esto incluye revisar sus decisiones por https://t.co/1hzyeDFdfQ",Sun Nov 24 14:02:55 +0000 2024,395,642
9,Morena,"¬°Al margen de la ley, nada; por encima de la ley, nadie!

Hoy se pone fin al intento de unos cuantos ministros por invalidar la reforma al Poder Judicial. 

Les guste o no, el pr√≥ximo a√±o el pueblo de M√©xico ejercer√° su derecho a elegir a sus jueces, magistrados y ministros, https://t.co/vBQc5pj2v9",Tue Nov 05 23:57:09 +0000 2024,952,2342
10,Gobierno de M√©xico,"En cumplimiento de lo dispuesto por el art√≠culo 96 Constitucional y 500, numerales 2 y 3 de la Ley General de Instituciones y Procedimiento Electorales, para la Elecci√≥n Extraordinaria de las personas juzgadoras del Poder Judicial de la Federaci√≥n 2025, la Consejer√≠a Jur√≠dica del https://t.co/k2a1YyQNT1",Thu Oct 31 20:11:51 +0000 2024,166,284
11,Francisco Burgoa,"Aqu√≠ la propuesta de la legislaci√≥n secundaria de la reforma constitucional al Poder Judicial que ha presentado la presidenta de M√©xico al Senado:

‚Ä¢ Ley Org√°nica del PJF: https://t.co/F2gLcjkUeq

‚Ä¢ Ley de Carrera Judicial del PJF: https://t.co/8cn4Y9YoOC

‚Ä¢ Reformas a la Ley",Thu Nov 21 03:03:32 +0000 2024,149,267
12,Conectando Bienestar,"¬°Claudia Sheinbaum arrasa con la Reforma Judicial! üö®

La presidenta Claudia Sheinbaum ha tomado un paso audaz al enviar una Ley Secundaria que sacudir√° el poder judicial de M√©xico. Con el respaldo de Gerardo Fern√°ndez Noro√±a, esta reforma busca poner en manos del pueblo la https://t.co/1uLepLav1V",Mon Oct 07 17:33:59 +0000 2024,0,0
13,Morena,"¬°La Reforma al Poder Judicial es una realidad!

La fuerza de la raz√≥n y la cordura triunfaron por el bien del pueblo de M√©xico. 

El mandato popular se cumplir√° el 1 de junio del 2025 con la elecci√≥n de personas juzgadoras. Habr√° un sistema de justicia al servicio de la naci√≥n.üá≤üáΩ https://t.co/m2mjag2DjW",Wed Nov 06 20:23:24 +0000 2024,194,366
14,Jos√© Luis üá≤üáΩ,"LOS JUECES MAGISTRADOS Y MINISTROS, ALGUNOS TIENEN HASTA 20 FAMILIARES TRABAJANDO PARA EL PODER JUDICIAL. 
EL NEPOTISMO.
LA IMPARTICION DE LA LEYES A CARGO DE UNAS CUANTAS FAMILIAS EN M√âXICO.
ESTO ES EL PODER JUDICIAL EN M√âXICO https://t.co/D9iQc2knq1",Sun Nov 17 18:47:35 +0000 2024,566,1244
15,Ra√∫l Mor√≥n Orozco,"El pueblo de M√©xico ha triunfado. La congruencia imper√≥ en algunos ministros de la Suprema Corte de Justicia de la Naci√≥n y el √∫ltimo intento de la derecha por detener lo que ya es ley respecto al Poder Judicial ha fracasado. Las y los ministros que impulsaron esta insensatez, https://t.co/DTtmkeqeky",Wed Nov 06 00:12:15 +0000 2024,13,44
16,Bere Aguilar,"La presidenta con A de dictadorA jur√≥ respetar y hacer respetar la ley, pero‚Ä¶ ‚ÄúLa reforma al poder judicial va. Ni un juez, ni una jueza, ni ocho ministros pueden parar la voluntad del pueblo de M√©xico"".
Cart√≥n @jabazmonero https://t.co/aM4k5wVCRl",Mon Oct 21 13:55:13 +0000 2024,101,196
17,Citlali CarvajaI,"üõëYA ES LEY
La #ReformaAlPoderJudicial
üëá
M√©xico va hacia un r√©gimen autocr√°tico y dictatorial
üëá
LA DESTRUCCI√ìN DEL PODER JUDICIAL ES UN PASO HACIA LA DICTADURA

#DictaduraMexicana https://t.co/X2xvbSxnAS",Sat Nov 02 13:19:26 +0000 2024,219,332
18,Ricardo Sevilla Guti√©rrez,"YA ES LEGAL!

La Reforma al Poder Judicial!

Ser√° publicada y promulgada el 15 de septiembre!, informa AMLO.

18 estados RESPALDAN!

Y Quer√©taro dice que no!

En Yucat√°n estuvo apretado!

Aqu√≠ le doy un resumen de los congresos, con votos a favor, en contra y abstencionesüëáüßµ https://t.co/nfbwyhP1U7",Thu Sep 12 15:11:18 +0000 2024,1319,5036
19,Gobierno de M√©xico,"La Reforma al Poder Judicial propone una nueva integraci√≥n de la Suprema Corte de Justicia de la Naci√≥n.

Disminuir de 11 a nueve ministros, acortar el periodo del cargo a 12 a√±os, eliminar dos salas de la Corte y reducir el salario a altos mandos. https://t.co/btXuzLbqv1",Fri Jun 28 16:10:00 +0000 2024,954,1893
